Label,ROI_number,x,y,z,VOL,Frontal_L,Frontal_R,Parietal_L,Parietal_R,Occipital_L,Occipital_R,Temporal_L,Temporal_R,Insula_L,Insula_R,Subcortical_L,Subcortical_R
7Networks_LH_Vis_1,1,-23.8422018348624,-53.0311926605505,-9.11192660550459,545,0,0,0.00917431192660551,0,0.66605504587156,0,0.0385321100917431,0,0,0,0,0
7Networks_LH_Vis_2,2,-25.3753327417924,-76.7311446317657,-13.4729370008873,1127,0,0,0,0,0.879325643300799,0,0.0878438331854481,0,0,0,0,0
7Networks_LH_Vis_3,3,-45.3039889958735,-69.3507565337001,-8.54470426409904,727,0,0,0,0,0.680880330123797,0,0.213204951856946,0,0,0,0,0
7Networks_LH_Vis_4,4,-9.62088974854932,-67.0174081237911,-4.55705996131528,517,0,0,0.104448742746615,0,0.843326885880077,0,0,0,0,0,0,0
7Networks_LH_Vis_5,5,-26.318954248366,-94.9516339869281,-12.3372549019608,765,0,0,0,0,0.848366013071895,0,0,0,0,0,0,0
7Networks_LH_Vis_6,6,-14.1349693251534,-44.7239263803681,-2.89570552147239,163,0,0,0.625766871165644,0,0.226993865030675,0,0,0,0,0,0.00613496932515337,0
7Networks_LH_Vis_7,7,-5.5497005988024,-92.651497005988,-4.1125748502994,835,0,0,0,0,0.924550898203593,0.0131736526946108,0,0,0,0,0,0
7Networks_LH_Vis_8,8,-47.1448663853727,-69.7215189873418,9.72714486638537,711,0,0,0.0478199718706048,0,0.867791842475387,0,0.00140646976090014,0,0,0,0,0
7Networks_LH_Vis_9,9,-22.5800756620429,-96.7515762925599,5.93947036569987,793,0,0,0,0,0.921815889029004,0,0,0,0,0,0,0
7Networks_LH_Vis_10,10,-11.3340425531915,-69.7851063829787,7.54042553191489,940,0,0,0.34468085106383,0,0.627659574468085,0.0106382978723404,0,0,0,0,0,0
7Networks_LH_Vis_11,11,-39.8911729141475,-84.5296251511487,10.2103990326481,827,0,0,0,0,0.900846432889964,0,0,0,0,0,0,0
7Networks_LH_Vis_12,12,-12.094395280236,-72.7433628318584,22.3834808259587,339,0,0,0.147492625368732,0,0.814159292035398,0,0,0,0,0,0,0
7Networks_LH_Vis_13,13,-7.52724077328647,-87.4604569420035,27.2583479789104,1138,0,0,0,0,0.919156414762742,0.0307557117750439,0,0,0,0,0,0
7Networks_LH_Vis_14,14,-23.0851334180432,-87.130876747141,24.005082592122,787,0,0,0,0,0.951715374841169,0,0,0,0,0,0,0
7Networks_LH_SomMot_1,15,-50.4890387858347,-5.07588532883643,-2.14839797639123,593,0.0252951096121417,0,0,0,0,0,0.824620573355818,0,0.00505902192242833,0,0,0
7Networks_LH_SomMot_2,16,-52.577553593947,-24.8726355611602,9.25346784363178,793,0,0,0.108448928121059,0,0,0,0.790668348045397,0,0,0,0,0
7Networks_LH_SomMot_3,17,-36.9212121212121,-20.9616161616162,15.2808080808081,495,0.00202020202020202,0,0.422222222222222,0,0,0,0.0707070707070707,0,0.262626262626263,0,0,0
7Networks_LH_SomMot_4,18,-54.929012345679,-4.4783950617284,10.2283950617284,648,0.552469135802469,0,0.194444444444444,0,0,0,0.0354938271604938,0,0.0154320987654321,0,0,0
7Networks_LH_SomMot_5,19,-52.9481865284974,-22.440414507772,18.3782383419689,386,0,0,0.966321243523316,0,0,0,0.00259067357512953,0,0,0,0,0
7Networks_LH_SomMot_6,20,-56.1536643026005,-8.22458628841608,30.4042553191489,846,0.718676122931442,0,0.049645390070922,0,0,0,0,0,0,0,0,0
7Networks_LH_SomMot_7,21,-47.2537878787879,-8.9280303030303,46.3143939393939,528,0.863636363636364,0,0,0,0,0,0,0,0,0,0,0
7Networks_LH_SomMot_8,22,-6.92647058823529,-12.3897058823529,46.3970588235294,544,0.716911764705882,0,0.154411764705882,0,0,0,0,0,0,0,0,0
7Networks_LH_SomMot_9,23,-48.1759259259259,-28.375,56.9861111111111,432,0.0416666666666667,0,0.861111111111111,0,0,0,0,0,0,0,0,0
7Networks_LH_SomMot_10,24,-39.4452554744526,-23.9525547445255,57.485401459854,548,0.262773722627737,0,0.246350364963504,0,0,0,0,0,0,0,0,0
7Networks_LH_SomMot_11,25,-30.6666666666667,-46.2710027100271,62.5474254742547,369,0,0,0.929539295392954,0,0,0,0,0,0,0,0,0
7Networks_LH_SomMot_12,26,-31.2988691437803,-19.7609046849758,63.8416801292407,619,0.752827140549273,0,0,0,0,0,0,0,0,0,0,0
7Networks_LH_SomMot_13,27,-26.0921409214092,-38.059620596206,67.4308943089431,369,0.0460704607046071,0,0.848238482384824,0,0,0,0,0,0,0,0,0
7Networks_LH_SomMot_14,28,-20.268876611418,-10.6003683241252,68.0699815837937,543,0.974217311233886,0,0,0,0,0,0,0,0,0,0,0
7Networks_LH_SomMot_15,29,-6.61284403669725,-30.5376146788991,66.3192660550459,1090,0.612844036697248,0,0.273394495412844,0,0,0,0,0,0,0,0,0
7Networks_LH_SomMot_16,30,-19.0896551724138,-30.8137931034483,67.6896551724138,290,0.517241379310345,0,0.0896551724137931,0,0,0,0,0,0,0,0,0
7Networks_LH_DorsAttn_Post_1,31,-43.3585209003215,-48.2363344051447,-19.3649517684887,1244,0,0,0,0,0.00160771704180064,0,0.95096463022508,0,0,0,0,0
7Networks_LH_DorsAttn_Post_2,32,-57.0079239302694,-60.1965134706815,-1.37242472266244,631,0,0,0.00475435816164818,0,0.291600633914422,0,0.583201267828843,0,0,0,0,0
7Networks_LH_DorsAttn_Post_3,33,-25.7750439367311,-69.9121265377856,38.2038664323374,569,0,0,0.713532513181019,0,0.268892794376098,0,0,0,0,0,0,0
7Networks_LH_DorsAttn_Post_4,34,-54.0190114068441,-26.4068441064639,41.9809885931559,526,0.136882129277567,0,0.652091254752852,0,0,0,0,0,0,0,0,0
7Networks_LH_DorsAttn_Post_5,35,-40.7254901960784,-35.1372549019608,47.7892156862745,408,0,0,0.919117647058824,0,0,0,0,0,0,0,0,0
7Networks_LH_DorsAttn_Post_6,36,-33.2598039215686,-48.8676470588235,47.1617647058824,408,0,0,0.933823529411765,0,0,0,0,0,0,0,0,0
7Networks_LH_DorsAttn_Post_7,37,-16.7394136807818,-73.042345276873,54.1009771986971,614,0,0,0.837133550488599,0,0.0504885993485342,0,0,0,0,0,0,0
7Networks_LH_DorsAttn_Post_8,38,-29.0853658536585,-59.8414634146342,59.3841463414634,328,0,0,0.954268292682927,0,0,0,0,0,0,0,0,0
7Networks_LH_DorsAttn_Post_9,39,-5.56797583081571,-59.3383685800604,57.1178247734139,662,0,0,0.942598187311178,0,0,0,0,0,0,0,0,0
7Networks_LH_DorsAttn_Post_10,40,-17.1764705882353,-52.7344992050874,68.4356120826709,629,0.0127186009538951,0,0.955484896661367,0,0,0,0,0,0,0,0,0
7Networks_LH_DorsAttn_FEF_1,41,-31.5866666666667,-4.29066666666667,53.2426666666667,750,0.9,0,0,0,0,0,0,0,0,0,0,0
7Networks_LH_DorsAttn_FEF_2,42,-22.4982935153584,5.55972696245734,61.4232081911263,586,0.919795221843003,0,0,0,0,0,0,0,0,0,0,0
7Networks_LH_DorsAttn_PrCv_1,43,-47.6956521739131,5.60869565217391,28.8599033816425,414,0.891304347826087,0,0,0,0,0,0,0,0,0,0,0
7Networks_LH_SalVentAttn_ParOper_1,44,-55.7256944444444,-39.9791666666667,20.5034722222222,576,0,0,0.519097222222222,0,0,0,0.319444444444444,0,0,0,0,0
7Networks_LH_SalVentAttn_ParOper_2,45,-61.0071942446043,-25.441726618705,28.6302158273381,695,0.0316546762589928,0,0.83453237410072,0,0,0,0.0258992805755396,0,0,0,0,0
7Networks_LH_SalVentAttn_ParOper_3,46,-59.7265917602996,-39.374531835206,36.3445692883895,534,0,0,0.926966292134832,0,0,0,0.0243445692883895,0,0,0,0,0
7Networks_LH_SalVentAttn_FrOperIns_1,47,-39.2464589235128,-3.86118980169972,-3.63172804532578,706,0.0028328611898017,0,0,0,0,0,0.157223796033994,0,0.582152974504249,0,0.00141643059490085,0
7Networks_LH_SalVentAttn_FrOperIns_2,48,-33.501066098081,20.3880597014925,4.81023454157783,469,0.272921108742004,0,0,0,0,0,0,0,0.528784648187633,0,0.00213219616204691,0
7Networks_LH_SalVentAttn_FrOperIns_3,49,-38.9041095890411,0.856164383561644,10.9931506849315,292,0.376712328767123,0,0,0,0,0,0,0,0.537671232876712,0,0,0
7Networks_LH_SalVentAttn_FrOperIns_4,50,-51.0424242424242,8.68686868686869,10.4565656565657,495,0.911111111111111,0,0,0,0,0,0,0,0.0343434343434343,0,0,0
7Networks_LH_SalVentAttn_PFCl_1,51,-28.606106870229,42.8152671755725,31.3572519083969,1310,0.83206106870229,0,0,0,0,0,0,0,0,0,0,0
7Networks_LH_SalVentAttn_Med_1,52,-5.69820971867008,9.60102301790281,41.386189258312,782,0.90920716112532,0,0,0,0,0,0,0,0,0,0,0
7Networks_LH_SalVentAttn_Med_2,53,-10.7448494453249,-35.2805071315372,46.3454833597464,631,0.00158478605388273,0,0.961965134706815,0,0,0,0,0,0,0,0,0
7Networks_LH_SalVentAttn_Med_3,54,-6.25190839694657,-3.09160305343511,65.118320610687,524,0.900763358778626,0,0,0,0,0,0,0,0,0,0,0
7Networks_LH_Limbic_OFC_1,55,-23.6622390891841,21.7153700189753,-19.9240986717268,527,0.825426944971537,0,0,0,0,0,0.00189753320683112,0,0,0,0,0
7Networks_LH_Limbic_OFC_2,56,-9.3977358490566,35.5652830188679,-20.4603773584906,1325,0.903396226415094,0,0,0,0,0,0,0,0,0,0.00452830188679245,0
7Networks_LH_Limbic_TempPole_1,57,-29.3167981961669,-5.82863585118377,-38.6020293122886,887,0,0,0,0,0,0,0.834272829763247,0,0,0,0.00789177001127396,0
7Networks_LH_Limbic_TempPole_2,58,-45.4310850439883,-20.7292277614858,-30.3108504398827,1023,0,0,0,0,0,0,0.957966764418377,0,0,0,0,0
7Networks_LH_Limbic_TempPole_3,59,-27.6621160409556,10.3276450511945,-34.6143344709898,586,0,0,0,0,0,0,0.897610921501707,0,0,0,0,0
7Networks_LH_Limbic_TempPole_4,60,-42.3621621621622,7.73513513513514,-18.8054054054054,370,0.0027027027027027,0,0,0,0,0,0.894594594594595,0,0.0027027027027027,0,0,0
7Networks_LH_Cont_Par_1,61,-52.8703296703297,-50.9450549450549,45.8285714285714,455,0,0,0.953846153846154,0,0,0,0,0,0,0,0,0
7Networks_LH_Cont_Par_2,62,-34.8469860896445,-62.3122102009274,47.9938176197836,647,0,0,0.970633693972179,0,0.00309119010819165,0,0,0,0,0,0,0
7Networks_LH_Cont_Par_3,63,-45.3255813953488,-41.7023255813954,46.5162790697674,430,0,0,0.972093023255814,0,0,0,0,0,0,0,0,0
7Networks_LH_Cont_Temp_1,64,-60.9080459770115,-42.7586206896552,-13.3448275862069,696,0,0,0,0,0,0,0.959770114942529,0,0,0,0,0
7Networks_LH_Cont_OFC_1,65,-31.821892393321,42.4118738404453,-13.4285714285714,539,0.894248608534323,0,0,0,0,0,0,0,0,0,0,0
7Networks_LH_Cont_PFCl_1,66,-41.7660626029654,49.4728171334432,-5.81219110378913,607,0.906095551894564,0,0,0,0,0,0,0,0,0,0,0
7Networks_LH_Cont_PFCl_2,67,-27.5378266850069,58.0330123796424,8.03851444291609,727,0.763411279229711,0,0,0,0,0,0,0,0,0,0,0
7Networks_LH_Cont_PFCl_3,68,-41.8349206349206,40.1587301587302,16.5285714285714,1260,0.816666666666667,0,0,0,0,0,0,0,0,0,0,0
7Networks_LH_Cont_PFCl_4,69,-44.2677925211098,20.0844390832328,27.2834740651387,829,0.808202653799759,0,0,0,0,0,0,0,0,0,0,0
7Networks_LH_Cont_PFCl_5,70,-42.6169895678092,6.00298062593145,43.4843517138599,671,0.904619970193741,0,0,0,0,0,0,0,0,0,0,0
7Networks_LH_Cont_pCun_1,71,-9.53320683111955,-73.0853889943074,37.4345351043643,527,0,0,0.314990512333966,0,0.612903225806452,0,0,0,0,0,0,0
7Networks_LH_Cont_Cing_1,72,-4.69230769230769,-28.875,26.875,208,0.0240384615384615,0,0.668269230769231,0,0,0,0,0,0,0,0,0
7Networks_LH_Cont_Cing_2,73,-3.14634146341463,5.28048780487805,28.9756097560976,164,0.701219512195122,0,0,0,0,0,0,0,0,0,0,0
7Networks_LH_Default_Temp_1,74,-46.6370250606306,8.1552142279709,-32.3443815683104,1237,0.00161681487469685,0,0,0,0,0,0.945028294260307,0,0,0,0,0
7Networks_LH_Default_Temp_2,75,-60.2728442728443,-18.8339768339768,-22.5559845559846,777,0,0,0,0,0,0,0.953667953667954,0,0,0,0,0
7Networks_LH_Default_Temp_3,76,-56.3588110403397,-5.75796178343949,-12.2335456475584,942,0,0,0,0,0,0,0.977707006369427,0,0,0,0,0
7Networks_LH_Default_Temp_4,77,-57.9796696315121,-30.3837357052097,-3.53240152477764,787,0,0,0,0,0,0,0.949174078780178,0,0,0,0,0
7Networks_LH_Default_Temp_5,78,-58.2282878411911,-41.9106699751861,7.40694789081886,806,0,0,0.124069478908189,0,0.011166253101737,0,0.818858560794045,0,0,0,0,0
7Networks_LH_Default_Par_1,79,-48.709323583181,-57.4405850091408,17.9341864716636,547,0,0,0.517367458866545,0,0.146252285191956,0,0.0658135283363803,0,0,0,0,0
7Networks_LH_Default_Par_2,80,-38.4313099041534,-79.3801916932907,31.6357827476038,626,0,0,0.138977635782748,0,0.76517571884984,0,0,0,0,0,0,0
7Networks_LH_Default_Par_3,81,-56.9309462915601,-53.8005115089514,28.1790281329923,391,0,0,0.959079283887468,0,0,0,0,0,0,0,0,0
7Networks_LH_Default_Par_4,82,-45.8713886300093,-65.6663560111836,38.232991612302,1073,0,0,0.912395153774464,0,0.0065237651444548,0,0,0,0,0,0,0
7Networks_LH_Default_PFC_1,83,-34.8923076923077,20.8444444444444,-13.0188034188034,585,0.552136752136752,0,0,0,0,0,0.00683760683760684,0,0.14017094017094,0,0.0102564102564103,0
7Networks_LH_Default_PFC_2,84,-5.76258992805755,35.8021582733813,-9.67985611510791,556,0.906474820143885,0,0,0,0,0,0,0,0,0,0.00539568345323741,0
7Networks_LH_Default_PFC_3,85,-45.8904109589041,31.0091324200913,-7.42009132420091,438,0.938356164383562,0,0,0,0,0,0,0,0.0228310502283105,0,0,0
7Networks_LH_Default_PFC_4,86,-13.2461116193962,62.5580969807868,-5.7035681610247,1093,0.910338517840805,0,0,0,0,0,0,0,0,0,0,0
7Networks_LH_Default_PFC_5,87,-51.2446555819478,22.5534441805226,7.86223277909739,842,0.957244655581948,0,0,0,0,0,0,0,0.00475059382422803,0,0,0
7Networks_LH_Default_PFC_6,88,-6.28250401284109,44.4686998394864,7.29373996789727,623,0.902086677367576,0,0,0,0,0,0,0,0,0,0,0
7Networks_LH_Default_PFC_7,89,-8.43152709359606,58.4591133004926,19.7004926108374,1015,0.872906403940887,0,0,0,0,0,0,0,0,0,0,0
7Networks_LH_Default_PFC_8,90,-5.58154859967051,30.0164744645799,24.2899505766063,607,0.820428336079077,0,0,0,0,0,0,0,0,0,0,0
7Networks_LH_Default_PFC_9,91,-11.1369863013699,46.4356164383562,44.986301369863,730,0.893150684931507,0,0,0,0,0,0,0,0,0,0,0
7Networks_LH_Default_PFC_10,92,-3.46589259796807,33.2830188679245,43.166908563135,689,0.830188679245283,0,0,0,0,0,0,0,0,0,0,0
7Networks_LH_Default_PFC_11,93,-39.6588235294118,18.7147058823529,49.5235294117647,680,0.944117647058824,0,0,0,0,0,0,0,0,0,0,0
7Networks_LH_Default_PFC_12,94,-23.6678281068525,24.6875725900116,49.0336817653891,861,0.896631823461092,0,0,0,0,0,0,0,0,0,0,0
7Networks_LH_Default_PFC_13,95,-9.31486880466472,16.9795918367347,63.1749271137026,686,0.889212827988338,0,0,0,0,0,0,0,0,0,0,0
7Networks_LH_Default_pCunPCC_1,96,-11.113172541744,-55.9777365491651,13.4063079777366,539,0,0,0.897959183673469,0,0.051948051948052,0,0,0,0,0,0,0
7Networks_LH_Default_pCunPCC_2,97,-5.32478632478632,-54.991452991453,27.1196581196581,702,0,0,0.944444444444444,0,0.0185185185185185,0,0,0,0,0,0,0
7Networks_LH_Default_pCunPCC_3,98,-3.81818181818182,-29.4219114219114,36.5874125874126,429,0.0839160839160839,0,0.864801864801865,0,0,0,0,0,0,0,0,0
7Networks_LH_Default_pCunPCC_4,99,-6.25850340136054,-54.5340136054422,41.8843537414966,588,0,0,0.981292517006803,0,0,0,0,0,0,0,0,0
7Networks_LH_Default_PHC_1,100,-25.8895348837209,-31.5232558139535,-17.9447674418605,688,0,0,0.0203488372093023,0,0.0290697674418605,0,0.51453488372093,0,0,0,0.0319767441860465,0
7Networks_RH_Vis_1,101,38.5764411027569,-34.7443609022556,-22.9774436090226,798,0,0,0,0,0,0.0112781954887218,0,0.926065162907268,0,0,0,0
7Networks_RH_Vis_2,102,27.3021148036254,-35.416918429003,-14.6555891238671,662,0,0,0,0,0,0.167673716012085,0,0.489425981873112,0,0,0,0.00755287009063444
7Networks_RH_Vis_3,103,28.6894409937888,-68.472049689441,-12.4829192546584,1288,0,0,0,0,0,0.697204968944099,0,0.180900621118012,0,0,0,0
7Networks_RH_Vis_4,104,12.3520485584219,-64.2640364188164,-4.58270106221548,659,0,0,0,0.0106221547799697,0.00151745068285281,0.915022761760243,0,0,0,0,0,0
7Networks_RH_Vis_5,105,48.5701754385965,-71.4883040935673,-6.03801169590643,684,0,0,0,0,0,0.701754385964912,0,0.216374269005848,0,0,0,0
7Networks_RH_Vis_6,106,11.34944612286,-92.134944612286,-5.01309164149043,993,0,0,0,0,0.00704934541792548,0.919436052366566,0,0,0,0,0,0
7Networks_RH_Vis_7,107,16.2573726541555,-46.3324396782842,-1.32439678284182,373,0,0,0,0.351206434316354,0,0.359249329758713,0,0,0,0,0,0.00536193029490617
7Networks_RH_Vis_8,108,30.2706913339825,-93.5579357351509,-3.81304771178189,1027,0,0,0,0,0,0.900681596884129,0,0,0,0,0,0
7Networks_RH_Vis_9,109,8.47957839262187,-75.0171277997365,8.14492753623189,759,0,0,0,0.0263504611330698,0.0342555994729908,0.911725955204216,0,0,0,0,0,0
7Networks_RH_Vis_10,110,21.1012987012987,-59.9376623376623,7.49090909090909,385,0,0,0,0.496103896103896,0,0.322077922077922,0,0,0,0,0,0
7Networks_RH_Vis_11,111,42.2529411764706,-79.8294117647059,9.7,680,0,0,0,0.0632352941176471,0,0.730882352941176,0,0,0,0,0,0
7Networks_RH_Vis_12,112,19.4373956594324,-90.212020033389,21.449081803005,1198,0,0,0,0.00417362270450751,0,0.906510851419032,0,0,0,0,0,0
7Networks_RH_Vis_13,113,11.303074670571,-73.7715959004392,25.4436310395315,683,0,0,0,0.168374816983895,0.00146412884333821,0.745241581259151,0,0,0,0,0,0
7Networks_RH_Vis_14,114,16.1995661605206,-84.6377440347072,39.41431670282,461,0,0,0,0.108459869848156,0,0.674620390455532,0,0,0,0,0,0
7Networks_RH_Vis_15,115,32.4348894348894,-74.6117936117936,31.8378378378378,814,0,0,0,0.804668304668305,0,0.14004914004914,0,0,0,0,0,0
7Networks_RH_SomMot_1,116,51.8504983388704,-14.4186046511628,5.28239202657807,602,0,0.00830564784053156,0,0.0863787375415282,0,0,0,0.782392026578073,0,0.0132890365448505,0,0
7Networks_RH_SomMot_2,117,63.6641509433962,-23.4792452830189,7.37358490566038,530,0,0,0,0.109433962264151,0,0,0,0.881132075471698,0,0,0,0
7Networks_RH_SomMot_3,118,38.413612565445,-13.2879581151832,14.5811518324607,382,0,0.0471204188481675,0,0.303664921465969,0,0,0,0,0,0.350785340314136,0,0
7Networks_RH_SomMot_4,119,44.0301507537688,-26.6381909547739,18.0402010050251,398,0,0,0,0.577889447236181,0,0,0,0.183417085427136,0,0,0,0
7Networks_RH_SomMot_5,120,59.010752688172,0.551971326164875,10.9318996415771,279,0,0.85663082437276,0,0.0573476702508961,0,0,0,0.032258064516129,0,0,0,0
7Networks_RH_SomMot_6,121,56.6938775510204,-11.4761904761905,14.4353741496599,294,0,0.0170068027210884,0,0.921768707482993,0,0,0,0.0136054421768707,0,0,0,0
7Networks_RH_SomMot_7,122,57.4785992217899,-4.98573281452659,30.2127107652399,771,0,0.553826199740597,0,0.239948119325551,0,0,0,0,0,0,0,0
7Networks_RH_SomMot_8,123,9.44769874476988,-15.0376569037657,41.163179916318,239,0.00418410041841004,0.602510460251046,0.00418410041841004,0.251046025104603,0,0,0,0,0,0,0,0
7Networks_RH_SomMot_9,124,50.8969957081545,-22.412017167382,51.8369098712446,466,0,0.0171673819742489,0,0.836909871244635,0,0,0,0,0,0,0,0
7Networks_RH_SomMot_10,125,46.7017543859649,-11.0225563909774,48.0451127819549,399,0,0.719298245614035,0,0.0150375939849624,0,0,0,0,0,0,0,0
7Networks_RH_SomMot_11,126,6.99784946236559,-10.9376344086022,51.6430107526882,465,0.0043010752688172,0.881720430107527,0,0.0795698924731183,0,0,0,0,0,0,0,0
7Networks_RH_SomMot_12,127,39.1932773109244,-23.6806722689076,57.4565826330532,357,0,0.0756302521008403,0,0.170868347338936,0,0,0,0,0,0,0,0
7Networks_RH_SomMot_13,128,31.6739130434783,-40.5507246376812,63.3623188405797,276,0,0,0,0.942028985507246,0,0,0,0,0,0,0,0
7Networks_RH_SomMot_14,129,31.9848484848485,-19.7272727272727,64.3712121212121,528,0,0.630681818181818,0,0,0,0,0,0,0,0,0,0
7Networks_RH_SomMot_15,130,28.9787234042553,-34.0567375886525,65.3758865248227,282,0,0.0780141843971631,0,0.425531914893617,0,0,0,0,0,0,0,0
7Networks_RH_SomMot_16,131,22.369465648855,-8.81221374045802,67.175572519084,655,0,0.970992366412214,0,0,0,0,0,0,0,0,0,0
7Networks_RH_SomMot_17,132,10.176,-39.0666666666667,68.7413333333333,375,0.00266666666666667,0.189333333333333,0,0.461333333333333,0,0,0,0,0,0,0,0
7Networks_RH_SomMot_18,133,6.90462427745665,-23.2832369942197,67.2514450867052,692,0.00578034682080925,0.830924855491329,0,0.065028901734104,0,0,0,0,0,0,0,0
7Networks_RH_SomMot_19,134,20.0161290322581,-29.5887096774194,70,248,0,0.685483870967742,0,0,0,0,0,0,0,0,0,0
7Networks_RH_DorsAttn_Post_1,135,50.3177257525084,-53.1839464882943,-15.0685618729097,1196,0,0,0,0,0,0.020066889632107,0,0.954849498327759,0,0,0,0
7Networks_RH_DorsAttn_Post_2,136,51.6036960985626,-59.5995893223819,9.57700205338809,974,0,0,0,0.259753593429158,0,0.252566735112936,0,0.215605749486653,0,0,0,0
7Networks_RH_DorsAttn_Post_3,137,59.6604774535809,-16.684350132626,34.3660477453581,377,0,0.00530503978779841,0,0.970822281167109,0,0,0,0,0,0,0,0
7Networks_RH_DorsAttn_Post_4,138,46.2207505518764,-36.9271523178808,48.6092715231788,453,0,0,0,0.924944812362031,0,0,0,0,0,0,0,0
7Networks_RH_DorsAttn_Post_5,139,41.6556603773585,-31.4150943396226,46.3490566037736,424,0,0,0,0.974056603773585,0,0,0,0,0,0,0,0
7Networks_RH_DorsAttn_Post_6,140,14.9542483660131,-73.1111111111111,52.9411764705882,459,0,0,0,0.854030501089325,0,0.00871459694989107,0,0,0,0,0,0
7Networks_RH_DorsAttn_Post_7,141,34.6846846846847,-47.9063063063063,50.818018018018,555,0,0,0,0.967567567567568,0,0,0,0,0,0,0,0
7Networks_RH_DorsAttn_Post_8,142,26.259649122807,-61.2795321637427,57.9695906432749,855,0,0,0,0.978947368421053,0,0,0,0,0,0,0,0
7Networks_RH_DorsAttn_Post_9,143,8.54297407912688,-55.9345156889495,61.31241473397,733,0,0,0,0.927694406548431,0,0,0,0,0,0,0,0
7Networks_RH_DorsAttn_Post_10,144,21.3652892561984,-48.1454545454546,70.3338842975207,605,0,0,0,0.940495867768595,0,0,0,0,0,0,0,0
7Networks_RH_DorsAttn_FEF_1,145,34.3247524752475,-4.52673267326733,52.5306930693069,505,0,0.900990099009901,0,0,0,0,0,0,0,0,0,0
7Networks_RH_DorsAttn_FEF_2,146,25.9842022116904,7.09320695102686,57.6556082148499,633,0,0.958925750394945,0,0,0,0,0,0,0,0,0,0
7Networks_RH_DorsAttn_PrCv_1,147,51.3924665856622,10.6051032806804,20.2527339003645,823,0,0.8955042527339,0,0,0,0,0,0,0,0,0,0
7Networks_RH_SalVentAttn_TempOccPar_1,148,56.949083503055,-45.2993890020367,9.42158859470468,491,0,0,0,0.189409368635438,0,0,0,0.775967413441955,0,0,0,0
7Networks_RH_SalVentAttn_TempOccPar_2,149,60.0102040816327,-38.5969387755102,16.6632653061224,392,0,0,0,0.517857142857143,0,0,0,0.405612244897959,0,0,0,0
7Networks_RH_SalVentAttn_TempOccPar_3,150,60.0441176470588,-26.1953781512605,27.7731092436975,952,0,0,0,0.932773109243698,0,0,0,0.00105042016806723,0,0,0,0
7Networks_RH_SalVentAttn_PrC_1,151,50.7823960880196,3.56968215158924,40.4987775061125,409,0,0.9559902200489,0,0,0,0,0,0,0,0,0,0
7Networks_RH_SalVentAttn_FrOperIns_1,152,41.1771117166213,5.85286103542234,-15.3514986376022,367,0,0,0,0,0,0,0,0.629427792915531,0,0.114441416893733,0,0
7Networks_RH_SalVentAttn_FrOperIns_2,153,46.1755319148936,-3.4281914893617,-4.27393617021277,752,0,0.0199468085106383,0,0.00132978723404255,0,0,0,0.541223404255319,0,0.228723404255319,0,0
7Networks_RH_SalVentAttn_FrOperIns_3,154,36.1758241758242,23.7912087912088,4.81318681318681,364,0,0.535714285714286,0,0,0,0,0,0,0,0.417582417582418,0,0
7Networks_RH_SalVentAttn_FrOperIns_4,155,43.685393258427,6.80449438202247,3.86966292134831,890,0,0.448314606741573,0,0,0,0,0,0.00786516853932584,0,0.491011235955056,0,0.00898876404494382
7Networks_RH_SalVentAttn_Med_1,156,7.46629986244842,8.95460797799175,41.2132049518569,727,0.00550206327372765,0.876203576341128,0,0,0,0,0,0,0,0,0,0
7Networks_RH_SalVentAttn_Med_2,157,10.6405451448041,-35.4650766609881,46.7597955706985,587,0,0,0.00340715502555366,0.984667802385009,0,0,0,0,0,0,0,0
7Networks_RH_SalVentAttn_Med_3,158,8.71381578947369,3.51973684210526,65.5986842105263,608,0,0.963815789473684,0,0,0,0,0,0,0,0,0,0
7Networks_RH_Limbic_OFC_1,159,11.9531615925059,38.5714285714286,-21.4683840749415,854,0,0.94847775175644,0,0,0,0,0,0,0,0,0,0.00351288056206089
7Networks_RH_Limbic_OFC_2,160,28.6008119079838,22.3843031123139,-18.8985115020298,739,0,0.728010825439784,0,0,0,0,0,0.0148849797023004,0,0.0649526387009472,0,0
7Networks_RH_Limbic_OFC_3,161,14.860025220681,64.5422446406053,-7.62168978562421,793,0,0.91046658259773,0,0,0,0,0,0,0,0,0,0
7Networks_RH_Limbic_TempPole_1,162,29.8993821712268,8.23124448367167,-37.6557811120918,1133,0,0,0,0,0,0,0,0.893203883495146,0,0,0,0.00176522506619594
7Networks_RH_Limbic_TempPole_2,163,46.9242957746479,-12.7816901408451,-34.8362676056338,1136,0,0,0,0,0,0,0,0.857394366197183,0,0,0,0
7Networks_RH_Limbic_TempPole_3,164,25.2537313432836,-11.4253731343284,-31.3917910447761,536,0,0,0,0,0,0,0,0.777985074626866,0,0,0,0.0167910447761194
7Networks_RH_Cont_Par_1,165,62.0508083140878,-37.4826789838337,37.2424942263279,433,0,0,0,0.905311778290993,0,0,0,0,0,0,0,0
7Networks_RH_Cont_Par_2,166,52.7609756097561,-41.7073170731707,48.2292682926829,410,0,0,0,0.95609756097561,0,0,0,0,0,0,0,0
7Networks_RH_Cont_Par_3,167,37.5555555555556,-62.8571428571429,47.3121693121693,756,0,0,0,0.981481481481482,0,0,0,0,0,0,0,0
7Networks_RH_Cont_Temp_1,168,62.5949535192563,-41.9070385126162,-11.4316069057105,753,0,0,0,0,0,0,0,0.970783532536521,0,0,0,0
7Networks_RH_Cont_PFCv_1,169,34,21.0082644628099,-8.38842975206612,242,0,0.252066115702479,0,0,0,0,0,0,0,0.508264462809917,0,0.00413223140495868
7Networks_RH_Cont_PFCl_1,170,35.3204868154158,46.3590263691684,-12.5131845841785,986,0,0.946247464503043,0,0,0,0,0,0,0,0,0,0
7Networks_RH_Cont_PFCl_2,171,29.5778894472362,58.2261306532663,4.88944723618091,796,0,0.861809045226131,0,0,0,0,0,0,0,0,0,0
7Networks_RH_Cont_PFCl_3,172,43.3091976516634,44.9412915851272,10.4716242661448,1022,0,0.907045009784736,0,0,0,0,0,0,0,0,0,0
7Networks_RH_Cont_PFCl_4,173,45.3751152073733,22.8663594470046,25.9705069124424,1085,0,0.901382488479263,0,0,0,0,0,0,0,0,0,0
7Networks_RH_Cont_PFCl_5,174,29.7273612463486,48.1324245374878,27.1178188899708,1027,0,0.932814021421616,0,0,0,0,0,0,0,0,0,0
7Networks_RH_Cont_PFCl_6,175,40.6294642857143,32.9553571428571,37.2455357142857,448,0,0.966517857142857,0,0,0,0,0,0,0,0,0,0
7Networks_RH_Cont_PFCl_7,176,42.1305530371714,14.2792384406165,48.9682683590209,1103,0,0.943789664551224,0,0,0,0,0,0,0,0,0,0
7Networks_RH_Cont_pCun_1,177,14.3723849372385,-69.6359832635983,36.3556485355649,478,0,0,0,0.912133891213389,0,0.0251046025104603,0,0,0,0,0,0
7Networks_RH_Cont_Cing_1,178,5.21176470588235,-25.5176470588235,30.5647058823529,340,0,0.0647058823529412,0.0176470588235294,0.738235294117647,0,0,0,0,0,0,0,0
7Networks_RH_Cont_Cing_2,179,4.78095238095238,3.55238095238095,29.6380952380952,210,0,0.723809523809524,0,0,0,0,0,0,0,0,0,0
7Networks_RH_Cont_PFCmp_1,180,7.19811320754717,30.4276729559748,27.937106918239,636,0.00314465408805031,0.893081761006289,0,0,0,0,0,0,0,0,0,0
7Networks_RH_Cont_PFCmp_2,181,7.85436893203884,25.5800970873786,54.7378640776699,824,0,0.962378640776699,0,0,0,0,0,0,0,0,0,0
7Networks_RH_Default_Par_1,182,47.1251580278129,-69.527180783818,27.865992414665,791,0,0,0,0.924146649810367,0,0,0,0,0,0,0,0
7Networks_RH_Default_Par_2,183,54.4210526315789,-50.0514619883041,28.3111111111111,855,0,0,0,0.96374269005848,0,0,0,0.00116959064327485,0,0,0,0
7Networks_RH_Default_Par_3,184,50.9288824383164,-58.6502177068215,44.2931785195936,689,0,0,0,0.925979680696662,0,0,0,0,0,0,0,0
7Networks_RH_Default_Temp_1,185,47.0878186968839,12.7497639282342,-29.5014164305949,1059,0,0,0,0,0,0,0,0.933899905571294,0,0,0,0
7Networks_RH_Default_Temp_2,186,60.7125220458554,-13.1252204585538,-20.9541446208113,1134,0,0,0,0,0,0,0,0.977954144620811,0,0,0,0
7Networks_RH_Default_Temp_3,187,54.7640449438202,-6.30898876404494,-9.85393258426966,712,0,0,0,0,0,0,0,0.980337078651685,0,0,0,0
7Networks_RH_Default_Temp_4,188,62.390756302521,-26.6428571428571,-5.44957983193277,476,0,0,0,0,0,0,0,0.997899159663866,0,0,0,0
7Networks_RH_Default_Temp_5,189,52.2236559139785,-31.3032258064516,1.54408602150538,465,0,0,0,0,0,0,0,0.96989247311828,0,0,0,0
7Networks_RH_Default_PFCv_1,190,50.9261744966443,27.8485139022052,0.0210930009587728,1043,0,0.949185043144775,0,0,0,0,0,0.000958772770853308,0,0.0105465004793864,0,0
7Networks_RH_Default_PFCdPFCm_1,191,4.91405460060667,36.3862487360971,-14.0303336703741,989,0.0455005055611729,0.879676440849343,0,0,0,0,0,0,0,0,0,0.00505561172901921
7Networks_RH_Default_PFCdPFCm_2,192,7.88832487309645,41.9323181049069,4.03384094754653,591,0.027072758037225,0.812182741116751,0,0,0,0,0,0,0,0,0,0
7Networks_RH_Default_PFCdPFCm_3,193,6,29.0526315789474,14.9298245614035,114,0,0.62280701754386,0,0,0,0,0,0,0,0,0,0
7Networks_RH_Default_PFCdPFCm_4,194,8.97648686030429,57.4578146611342,18.8326417704011,1446,0.000691562932226833,0.952973720608575,0,0,0,0,0,0,0,0,0,0
7Networks_RH_Default_PFCdPFCm_5,195,15.1446945337621,46.1243301178993,43.6613076098607,933,0,0.907824222936763,0,0,0,0,0,0,0,0,0,0
7Networks_RH_Default_PFCdPFCm_6,196,28.3277467411546,29.8510242085661,42.927374301676,537,0,0.873370577281192,0,0,0,0,0,0,0,0,0,0
7Networks_RH_Default_PFCdPFCm_7,197,23.457264957265,24.3119658119658,52.7136752136752,468,0,0.927350427350427,0,0,0,0,0,0,0,0,0,0
7Networks_RH_Default_pCunPCC_1,198,12.8471074380165,-54.5495867768595,15.0165289256198,484,0,0,0,0.946280991735537,0,0.012396694214876,0,0,0,0,0,0
7Networks_RH_Default_pCunPCC_2,199,6.5952380952381,-48.8073593073593,30.4415584415584,924,0,0,0.0194805194805195,0.965367965367965,0,0,0,0,0,0,0,0
7Networks_RH_Default_pCunPCC_3,200,6.54035087719298,-58.1614035087719,44.2666666666667,570,0,0,0.00175438596491228,0.968421052631579,0,0,0,0,0,0,0,0
HIP-rh,201,27.1907692307692,-22.1815384615385,-14.1384615384615,650,0,0,0,0.00461538461538462,0,0,0,0.106153846153846,0,0,0,0.789230769230769
AMY-rh,202,24.1657142857143,-3.74857142857143,-18.6628571428571,350,0,0,0,0,0,0,0,0.214285714285714,0,0,0,0.76
pTHA-rh,203,15.405684754522,-26.9147286821705,2.81136950904393,387,0,0,0,0.00516795865633075,0,0,0,0,0,0,0,0.677002583979328
aTHA-rh,204,9.9815668202765,-14.6082949308756,8.64285714285714,868,0,0,0,0,0,0,0,0,0,0,0,0.838709677419355
NAc-rh,205,12.7378640776699,14.2718446601942,-5.10679611650486,206,0,0,0,0,0,0,0,0,0,0,0,0.883495145631068
GP-rh,206,20.1212121212121,-3.81818181818182,-1.6969696969697,198,0,0,0,0,0,0,0,0,0,0,0,0.792929292929293
PUT-rh,207,26.7861915367483,0.44097995545657,0.835189309576838,898,0,0,0,0,0,0,0,0,0,0,0,0.787305122494432
CAU-rh,208,13.9172413793103,10.7264367816092,10.0091954022989,435,0,0,0,0,0,0,0,0,0,0,0,0.88735632183908
HIP-lh,209,-25.1907692307692,-22.1815384615385,-14.1384615384615,650,0,0,0.00307692307692308,0,0,0,0.0584615384615385,0,0,0,0.809230769230769,0
AMY-lh,210,-22.1657142857143,-3.74857142857143,-18.6628571428571,350,0,0,0,0,0,0,0.28,0,0,0,0.657142857142857,0
pTHA-lh,211,-13.405684754522,-26.9147286821705,2.81136950904393,387,0,0,0,0,0,0,0,0,0,0,0.912144702842377,0
aTHA-lh,212,-7.9815668202765,-14.6082949308756,8.64285714285714,868,0,0,0,0,0,0,0,0,0,0,0.872119815668203,0
NAc-lh,213,-10.7378640776699,14.2718446601942,-5.10679611650486,206,0,0,0,0,0,0,0,0,0,0,0.912621359223301,0
GP-lh,214,-18.1212121212121,-3.81818181818182,-1.6969696969697,198,0,0,0,0,0,0,0,0,0,0,0.929292929292929,0
PUT-lh,215,-24.7861915367483,0.44097995545657,0.835189309576838,898,0,0,0,0,0,0,0,0,0,0,0.869710467706013,0
CAU-lh,216,-11.9172413793103,10.7264367816092,10.0091954022989,435,0,0,0,0,0,0,0,0,0,0,0.96551724137931,0
